date,rank_ic,top5_return,market_return,alpha_return,top5_positive,beats_market,fold
2025-07-29,-0.23074317854569346,-0.027974301880000007,-0.017277605173986667,-0.01069669670601334,0,0,0
2025-07-30,-0.21823636508447405,-0.043157957000000004,-0.009149536506733334,-0.03400842049326667,0,0,0
2025-07-31,-0.21913016273811084,-0.0008518171200000001,0.014394810631766666,-0.015246627751766667,0,0,0
2025-08-01,-0.06872628021967675,0.01506007416,0.01833398429546667,-0.003273910135466669,1,0,0
2025-08-04,-0.06204623144102529,0.0165110219,0.009861398815484949,0.00664962308451505,1,1,0
2025-08-05,-0.009714339519649461,0.041696166599999994,0.008611469792876254,0.03308469680712374,1,1,0
2025-08-06,0.047205231399629,0.0666983848,0.0070679389613377925,0.059630445838662206,1,1,0
2025-08-07,0.07722955688019129,0.1618087856,0.015709329206688966,0.14609945639331104,1,1,0
2025-08-08,0.017577840122799296,0.12601604039999997,0.005103166126187291,0.12091287427381268,1,1,0
2025-08-11,0.09063063333717634,0.1267330692,0.01871488614792642,0.10801818305207357,1,1,0
2025-08-12,0.1303047453074428,0.06799310620000001,0.01969168208053512,0.04830142411946489,1,1,0
2025-08-13,0.0636687060077263,0.0240766908,0.009959652785151516,0.014117038014848485,1,1,0
2025-08-14,0.1832996731056561,0.0706447462,0.03712637420263973,0.03351837199736027,1,1,0
2025-08-15,-0.0984142142800017,0.06118780039999999,0.019756029628922558,0.04143177077107743,1,1,0
2025-08-18,0.23462641689808286,0.0979899238,0.041582715419397995,0.05640720838060201,1,1,0
2025-08-19,0.2408867815374672,0.1681829668,0.054903378148000004,0.113279588652,1,1,0
2025-08-20,0.1860112961441579,0.10656553340000001,0.03937986974666667,0.06718566365333334,1,1,0
2025-08-21,0.25661040940526475,0.12851437680000002,0.0187709350816,0.10974344171840003,1,1,0
2025-08-22,0.12638760660942464,0.03546040029999999,0.008222069475000001,0.02723833082499999,1,1,0
2025-08-25,0.2682869372089856,0.045229289,0.00869741100367893,0.03653187799632107,1,1,0
2025-08-26,0.18233734237722857,0.23445414860000002,0.00709622688729097,0.22735792171270905,1,1,1
2025-08-27,0.0685974906605366,0.15773978859999999,0.018596894245819402,0.1391428943541806,1,1,1
2025-08-28,-0.08494635578965185,0.07215324919999999,-0.01028700001237458,0.08244024921237457,1,1,1
2025-08-29,-0.19110687724584505,-0.025937113199999993,-0.033713402662575255,0.0077762894625752615,0,1,1
2025-09-01,-0.16654160632396428,0.01402515,-0.012294283730771812,0.026319433730771814,1,1,1
2025-09-02,-0.16650634875936554,0.019203025600000003,-0.002340707332986577,0.02154373293298658,1,1,1
2025-09-03,-0.2912772093192047,0.0008293300000000003,0.00519412089456376,-0.004364790894563759,1,0,1
2025-09-04,0.10630864127113461,0.028865305600000002,0.01743092570677852,0.011434379893221481,1,1,1
2025-09-05,0.1103203024494525,-0.01281083596,0.015485546916677853,-0.02829638287667785,0,0,1
2025-09-08,0.2757906657151036,0.0970568584,0.010134075797257525,0.08692278260274247,1,1,1
2025-09-09,0.36636144401866383,0.0698008722,0.016448495103566666,0.05335237709643334,1,1,1
2025-09-10,0.31724583777229337,0.057744374,0.015898300730933332,0.04184607326906667,1,1,1
2025-09-11,0.15927096319714004,0.0087938576,0.0009704935246333331,0.007823364075366667,1,1,1
2025-09-12,0.12777766666949258,-0.0021207005000000007,-0.008218932189716666,0.006098231689716665,0,1,1
2025-09-15,0.13612506572981006,-0.032060165439999996,-0.006215515785133333,-0.025844649654866665,0,0,1
2025-09-16,0.23170713685910777,0.0417383753,-0.0025816861801999996,0.0443200614802,1,1,1
2025-09-17,0.13248956812787693,0.058105758699999996,-0.016784246302086667,0.07489000500208666,1,1,1
2025-09-18,0.25316870050723733,0.01011371334,0.010610820602566667,-0.0004971072625666664,1,0,1
2025-09-19,0.251419375000516,0.0813325496,0.007982586891,0.073349962709,1,1,1
2025-09-22,0.012834399533863143,0.0015230427600000003,0.006639995401800001,-0.005116952641800001,1,0,1
2025-09-23,0.32357515083500926,0.064297722,0.028833198638533335,0.03546452336146667,1,1,2
2025-09-24,0.25064636836480203,0.0216723414,0.023261430553133334,-0.0015890891531333343,1,0,2
2025-09-25,0.06581451636290625,-0.0013850853999999991,0.0312561180926,-0.0326412034926,0,0,2
2025-09-26,-0.2753762014440401,-0.049903102399999996,-0.002804779978666667,-0.04709832242133333,0,0,2
2025-09-29,-0.12602319203804474,-0.0016492385999999984,0.01381209133896667,-0.015461329938966668,0,0,2
2025-09-30,-0.48516744465688194,-0.13521846999999998,-0.009480603110866667,-0.1257378668891333,0,0,2
2025-10-09,-0.4984026453698356,-0.06745850728,-0.010581501146566667,-0.05687700613343333,0,0,2
2025-10-10,-0.09190324336937077,0.045459271999999995,0.024692095983433332,0.020767176016566663,1,1,2
2025-10-13,-0.5391186742602891,-0.06908262700000001,-0.0179911974897,-0.051091429510300004,0,0,2
2025-10-14,-0.1364370715230169,0.044340139,-0.0076811917104000005,0.0520213307104,1,1,2
2025-10-15,-0.1578839296925715,-0.01937310912,-0.012913233084676666,-0.006459876035323333,0,0,2
2025-10-16,-0.13869004708500224,0.041006749200000005,-0.0145506056376,0.055557354837600006,1,1,2
2025-10-17,0.10011026892541403,0.027358076399999997,0.007962420484366668,0.01939565591563333,1,1,2
2025-10-20,0.26032558809826806,0.09883064339999999,0.020617483891466667,0.07821315950853332,1,1,2
2025-10-21,0.3307044093929418,0.0885250538,0.0211037793735,0.0674212744265,1,1,2
2025-10-22,0.20862699433005946,0.08945134430400001,0.019512674957746667,0.06993866934625334,1,1,2
2025-10-23,0.25884198713319034,0.1066774184,0.0230938936255,0.0835835247745,1,1,2
2025-10-24,0.054750830564784046,0.048407566480000004,0.008019349137899999,0.040388217342100005,1,1,2
2025-10-27,-0.21613775279488978,-0.0104418387,-0.002044813673733334,-0.008397025026266667,0,0,2
2025-10-28,-0.18181313125701395,0.00031344060000000065,0.0036815923566,-0.0033681517565999994,1,0,2
2025-10-29,-0.3788940601849588,-0.10891251900000001,-0.027405626435333334,-0.08150689256466667,0,0,3
2025-10-30,-0.3008599328282109,-0.0366753888,-0.0084613390505,-0.0282140497495,0,0,3
2025-10-31,0.050542361822852724,0.0206522244,0.005548975688333333,0.015103248711666666,1,1,3
2025-11-03,0.10942037552434211,0.05633806282,0.007872002000433333,0.04846606081956667,1,1,3
2025-11-04,0.17957213216806597,0.155261246314,0.034855693656666666,0.12040555265733335,1,1,3
2025-11-05,-0.21474269621391742,-0.040783878600000004,0.0081196101668,-0.04890348876680001,0,0,3
2025-11-06,-0.3031278330264045,-0.06800386348000001,-0.0023345986536333335,-0.06566926482636667,0,0,3
2025-11-07,-0.24571000502895418,-0.0241499846,-0.004461406419033333,-0.019688578180966667,0,0,3
2025-11-10,-0.18972370575755415,-0.08268569740000001,-0.019792423120166665,-0.06289327427983335,0,0,3
2025-11-11,-0.006098961398763335,-0.0253744824,-0.015414329278833332,-0.009960153121166666,0,0,3
2025-11-12,-0.1718904116347205,-0.054779775200000005,-0.018196980677766667,-0.03658279452223334,0,0,3
2025-11-13,-0.08994062484965157,-0.012162576999999999,-0.014356396810433332,0.002193819810433333,0,1,3
2025-11-14,-0.16333501668631487,-0.06479477180000001,-0.0269872276265,-0.03780754417350001,0,0,3
2025-11-17,-0.1967959827061559,-0.039439798799999995,-0.029432204733066663,-0.010007594066933332,0,0,3
2025-11-18,-0.1557044193847471,-0.022652580720000003,-0.021735527393733335,-0.0009170533262666675,0,0,3
2025-11-19,-0.18156262319592284,-0.05733019340000001,-0.026011572243699998,-0.031318621156300006,0,0,3
2025-11-20,0.12343481697790316,0.0283565718,-0.004651747036208053,0.033008318836208056,1,1,3
2025-11-21,0.1963327195390887,0.06880485239999999,0.003940129899563759,0.06486472250043623,1,1,3
2025-11-24,0.331975702088103,0.0847910734,0.009565558997268457,0.07522551440273154,1,1,3
2025-11-25,0.17663201609088758,0.0548126288,0.013604810659865772,0.04120781814013423,1,1,3
2025-11-26,0.0552195889300463,0.0243084018,0.0076677928574999995,0.016640608942500003,1,1,4
2025-11-27,0.06904750034238483,0.014992629399999999,0.005411093739932886,0.009581535660067112,1,1,4
2025-11-28,-0.012176987474110466,-0.012728493599999996,-0.0026671725137919463,-0.01006132108620805,0,0,4
2025-12-01,-0.046521611120211304,0.0015128981999999978,0.00022286979644295257,0.0012900284035570453,1,1,4
2025-12-02,0.052901634624939874,0.037329702,0.005215201344395973,0.03211450065560403,1,1,4
2025-12-03,0.10376897783805253,0.020118027860000002,-0.00013451906830536916,0.02025254692830537,1,1,4
2025-12-04,0.16326088306203385,0.02828569112,0.006598846297114095,0.021686844822885906,1,1,4
2025-12-05,0.08036719483488466,-0.0075480872,-0.01200647520315436,0.00445838800315436,0,1,4
2025-12-08,-0.09524088728113164,-0.034755731059999996,-0.01219756201580537,-0.022558169044194627,0,0,4
2025-12-09,-0.15496528693410713,-0.01740587012,-0.004297518137718122,-0.013108351982281878,0,0,4
2025-12-10,-0.26707100041459425,-0.057606715800000007,-0.017494080377214765,-0.040112635422785245,0,0,4
2025-12-11,-0.10737543482526658,-0.00980686194,0.002277828194697987,-0.012084690134697988,0,0,4
2025-12-12,-0.10496733572912184,-0.0270131344,0.004860597699026846,-0.031873732099026844,0,0,4
2025-12-15,0.10713691959129937,0.0293053442,0.011803496282986577,0.017501847917013424,1,1,4
2025-12-16,0.3031150427936179,0.03256095752,0.024065227554496645,0.008495729965503358,1,1,4
2025-12-17,0.1101370141011747,0.0043717737,0.0108940614852349,-0.0065222877852348995,1,0,4
2025-12-18,0.22740332823115522,0.02693401592,0.012542551326600001,0.014391464593399997,1,1,4
2025-12-19,0.17419458296140172,0.003187666220000001,0.010614748343712375,-0.0074270821237123735,1,0,4
2025-12-22,0.04529591780917693,0.02480689834,0.009227937790187291,0.01557896054981271,1,1,4
2025-12-23,-0.07816840457969673,-0.013695888460000003,0.0031550384659765887,-0.016850926925976593,0,0,4
2025-12-24,0.1605263014149418,-0.012007167800000001,0.006085676580869566,-0.01809284438086957,0,0,5
2025-12-25,0.08493945642540748,-0.004899509800000001,0.0038195496773913047,-0.008719059477391305,0,0,5
2025-12-26,0.15523439476669962,-0.026543647740000002,0.012219193549230766,-0.03876284128923077,0,0,5
2025-12-29,0.2741370370914463,0.1051811968,0.03848487282909699,0.06669632397090301,1,1,5
2025-12-30,0.17087495480178855,0.048463312999999994,0.025938594092261742,0.022524718907738252,1,1,5
2025-12-31,0.050598573227747135,-0.0469673944,0.023694372811040268,-0.07066176721104027,0,0,5
2026-01-05,0.2367200008108341,0.032059641,0.02319280214204013,0.008866838857959868,1,1,5
2026-01-06,-0.014987440695688553,0.030327360759999998,0.017041898698026754,0.013285462061973244,1,1,5
2026-01-07,-0.009514212961261702,0.004500137800000001,0.01369192723180602,-0.00919178943180602,1,0,5
2026-01-08,0.08798282012490652,0.0810289458,0.006388514836220736,0.07464043096377926,1,1,5
2026-01-09,0.22476431913682515,0.009222052639999999,0.0013223046723411372,0.007899747967658861,1,1,5
2026-01-12,0.1039439878687383,0.01873024814,-0.018983042698762543,0.03771329083876254,1,1,5
2026-01-13,0.18995475598201175,0.016974281400000003,-0.004624558679464884,0.021598840079464887,1,1,5
2026-01-14,-0.032183087079443305,-0.002610875,0.0009070579745819405,-0.0035179329745819404,0,0,5
2026-01-15,0.050439654132658295,0.005398759800000002,-0.0002406588432000001,0.005639418643200002,1,1,5
2026-01-16,0.11447916893702759,0.0500032587,0.011544896526733335,0.03845836217326666,1,1,5
2026-01-19,0.2672078077875867,0.051724244600000004,0.0065156598526,0.045208584747400006,1,1,5
2026-01-20,0.2748492177512372,0.018200636800000003,0.005324089909933332,0.01287654689006667,1,1,5
2026-01-21,0.15310842030744856,0.0034105458000000003,0.00010589697683333344,0.003304648823166667,1,1,5
2026-01-22,0.17400596399767282,0.039002927,-0.001039623938166666,0.040042550938166666,1,1,5
2026-01-23,-0.07367775189723048,0.044899114000000004,-0.004986569758,0.049885683758,1,1,6
2026-01-26,-0.024701972744723785,-0.0346844824,-0.016324985083733333,-0.018359497316266668,0,0,6
2026-01-27,-0.2422942203165774,-0.0801148468,-0.02331853315356667,-0.05679631364643333,0,0,6
2026-01-28,-0.21645765573263723,-0.061720196399999996,-0.016634856605899997,-0.045085339794099996,0,0,6
2026-01-29,-0.1354545479800212,-0.051449683,-0.008743562684733334,-0.04270612031526667,0,0,6
2026-01-30,-0.24797905840857226,-0.006660741399999998,-0.0018835310642000003,-0.004777210335799998,0,0,6
2026-02-02,-0.09559361281082561,-0.016153192219999998,0.019169236814999997,-0.03532242903499999,0,0,6
2026-02-03,-0.14831633959787865,-0.044446205860000004,0.017171543781333332,-0.06161774964133333,0,0,6
2026-02-04,-0.016284807065450175,0.012794456300000001,0.011169121913233333,0.0016253343867666682,1,1,6
2026-02-05,0.2131204354198303,0.0674050856,0.021241883166133332,0.046163202433866665,1,1,6
2026-02-06,0.09022337666072631,-0.0047849128800000005,0.002281147040969899,-0.0070660599209699,0,0,6
2026-02-09,0.16659872917999585,0.011420396999999999,0.0014848189419397995,0.0099355780580602,1,1,6
2026-02-10,0.15884562592871215,0.066875529,0.002262193186541806,0.0646133358134582,1,1,6
2026-02-11,0.17972385606749536,0.0409415512,0.005857499951839466,0.03508405124816054,1,1,6
2026-02-12,0.14136207272450724,2.9617599999998136e-05,0.005057286667892977,-0.005027669067892979,1,0,6
2026-02-13,0.07391336115126435,0.0939599942,0.001932967777391304,0.0920270264226087,1,1,6
2026-02-24,0.20147530718180162,0.07457191599999999,0.010002182816766667,0.06456973318323332,1,1,6
2026-02-25,-0.07389452987668493,0.039021152999999996,-0.022101770288762538,0.06112292328876254,1,1,6
2026-02-26,0.11441446915769792,0.031009548640000006,-0.01011108218026756,0.04112063082026757,1,1,6
2026-02-27,0.017291981633493235,0.0389382264,-0.017233411004013377,0.056171637404013375,1,1,6
2026-03-02,-0.18014018725610384,-0.018584132800000003,-0.022664195668260872,0.004080062868260868,0,1,7
2026-03-03,0.05039264007467271,0.018999192079999998,0.008137855938093647,0.01086133614190635,1,1,7
2026-03-04,-0.19295186234708267,0.011029855,0.006200214000528429,0.004829640999471571,1,1,7
2026-03-05,-0.12907828976508345,0.0582941116,0.018941615489464884,0.03935249611053511,1,1,7
2026-03-06,-0.06611743768253985,0.10219010079999999,0.012910935131772574,0.08927916566822741,1,1,7
2026-03-09,-0.12545168030661966,0.043988210099999994,0.005591656924849498,0.0383965531751505,1,1,7
2026-03-10,-0.1545683100128279,0.019898187180000006,-0.003097792703010033,0.02299597988301004,1,1,7
2026-03-11,-0.3196708500132881,-0.07714251879999999,-0.0171867757145,-0.05995574308549999,0,0,7
2026-03-12,-0.3240448422219821,-0.0297054932,-0.022965734281720003,-0.006739758918279996,0,0,7
2026-03-13,-0.21166065108252263,-0.0691932234,-0.02555381174083333,-0.04363941165916667,0,0,7
2026-03-16,-0.09086085289487654,-0.002310375000000002,-0.0470376532633,0.044727278263299995,0,1,7
2026-03-17,0.1555979839279347,0.0183634762,-0.04721836417816667,0.06558184037816667,1,1,7
2026-03-18,0.21623685684554209,0.031242800199999997,-0.030156424732666665,0.06139922493266666,1,1,7
2026-03-19,0.20587980494541586,-0.0321768112,-0.017623001172466665,-0.014553810027533337,0,0,7
2026-03-20,0.1393936487198729,-0.034714932600000005,-0.015687413076533333,-0.019027519523466672,0,0,7
2026-03-23,0.05640468607634331,0.0031165492000000015,0.0011083336274666667,0.002008215572533335,1,1,7
2026-03-24,-0.03854357659415855,-0.01832816116,-0.0011236044186000002,-0.0172045567414,0,0,7
2026-03-25,-0.0653742008620708,-0.01241896232,-0.0045485354998666665,-0.007870426820133334,0,0,7
2026-03-26,0.13780531011458172,0.0523331442,0.017459294969,0.034873849231,1,1,7
2026-03-27,-0.012090260668416331,0.018535739600000007,0.004313916975733334,0.014221822624266673,1,1,7
2026-03-30,-0.030910579411142915,0.002043844900000001,-0.014205513923099999,0.0162493588231,1,1,8
2026-03-31,0.20935457164574978,0.016371399932,-0.0037059286370000008,0.020077328569000002,1,1,8
2026-04-01,0.27450256198494993,0.0356508932,0.006410641315233332,0.029240251884766665,1,1,8
2026-04-02,0.37092117508917094,0.0585926356,0.0166270396832,0.0419655959168,1,1,8
2026-04-03,0.3473512488657949,0.053704348520000014,0.028043835401766668,0.025660513118233346,1,1,8
2026-04-07,0.26461197260473257,0.07748678072000001,0.026597963796799996,0.05088881692320001,1,1,8
2026-04-08,0.37858908353932896,0.06584848608,0.023773902807900003,0.0420745832721,1,1,8
2026-04-09,0.024137655168795187,0.0350714028,0.011677426373866668,0.02339397642613333,1,1,8
2026-04-10,0.18740636665247248,0.0167487796,0.015561056878299997,0.0011877227217000023,1,1,8
2026-04-13,0.02162513877938359,-0.002278183000000002,0.0020815896523666668,-0.004359772652366669,0,0,8
2026-04-14,0.02633823430768231,-0.0328945048,0.0006826531786866662,-0.03357715797868667,0,0,8
2026-04-15,0.20011913467029033,0.054297185000000005,0.005733094984566666,0.04856409001543334,1,1,8
2026-04-16,0.250999764998373,0.036517683,0.012004616987133333,0.02451306601286667,1,1,8
2026-04-17,0.04180485467884986,-0.0007936392,0.0065312893139333325,-0.007324928513933332,0,0,8
2026-04-20,0.06621717412277568,0.011358669880000002,-0.0011360640941137127,0.012494733974113714,1,1,8
2026-04-21,0.1375165694952501,-0.0018221793599999987,-0.0005824944338795981,-0.0012396849261204006,0,0,8
2026-04-22,-0.14595683417066593,-0.010334690999999998,-0.012595107319732441,0.002260416319732443,0,1,8
2026-04-23,0.04045208433125784,0.049221548399999995,0.00695597066121739,0.0422655777387826,1,1,8
2026-04-24,0.12890976686684885,0.051774082119999995,0.012971544478862876,0.03880253764113712,1,1,8
2026-04-27,0.2047084884993136,0.06942670654000001,0.022957606060735786,0.046469100479264225,1,1,8
2026-04-28,0.2353874812707009,0.0692897089,0.022672377131371234,0.04661733176862876,1,1,9
2026-04-29,0.1518323956651501,0.0961020051,0.015051145619264215,0.08105085948073579,1,1,9
2026-04-30,0.09198609040898396,0.0723682524,0.019536384582107023,0.05283186781789298,1,1,9
2026-05-06,-0.09224751037795298,0.103787131724,0.0008456975522408029,0.1029414341717592,1,1,9
2026-05-07,0.2532188860513553,0.1282910912,0.02078176195571667,0.10750932924428334,1,1,9
2026-05-08,0.01575790398112688,0.13549595952,-0.006370088787183334,0.14186604830718333,1,1,9
2026-05-11,-0.08210539906670176,-0.004764465049800004,-0.029641729629596665,0.02487726457979666,0,1,9
2026-05-12,0.09933447971985157,-0.023200714600000002,-0.023411764341000004,0.0002110497410000023,0,1,9
2026-05-13,-0.2058579146485668,-0.03021849606,-0.0345255984239,0.004307102363900004,0,1,9
2026-05-14,0.15629536871134836,0.039733950100000005,-0.010271367660666667,0.050005317760666676,1,1,9
2026-05-15,0.11653567244402732,0.05597808159999999,-0.0084567739443,0.0644348555443,1,1,9
2026-05-18,0.21914866311966485,0.0652941768,-0.00010794123319999996,0.06540211803320001,1,1,9
2026-05-19,0.25507448376280917,0.045435717740000006,-0.0037385712950999996,0.0491742890351,1,1,9
2026-05-20,0.04748669119532691,0.0723336148,-0.004991153496,0.077324768296,1,1,9
2026-05-21,0.09390594694034675,0.11272899060000001,-0.0022902179590999997,0.11501920855910001,1,1,9
2026-05-22,0.12644200645970627,0.096719688168,-0.0054119073614,0.1021315955294,1,1,9
2026-05-25,-0.1912892479387372,-0.018333168599999998,-0.010766039606633334,-0.007567128993366664,0,0,9
2026-05-26,-0.38604871476424896,-0.0304033601,-0.011997890157366667,-0.018405469942633333,0,0,9
2026-05-27,-0.26199910709924024,-0.016246517999999998,-0.004507397476266668,-0.01173912052373333,0,0,9
2026-05-28,-0.3717132610029003,-0.005552756239999998,-0.013569119202333333,0.008016362962333335,0,1,9
2026-05-29,-0.016105067834087043,0.046173472199999996,-0.0130622727095,0.059235744909499996,1,1,10
2026-06-01,-0.10387944569125951,-0.026552773999999994,-0.03898687182273334,0.012434097822733345,0,1,10
2026-06-02,-0.12223451001717095,-0.073135114,-0.03616898318879999,-0.03696613081120001,0,0,10
2026-06-03,-0.0882473106057856,-0.009524093260000002,-0.028415353261133328,0.018891260001133326,0,1,10
2026-06-04,-0.305886890257082,-0.09741063819999998,-0.0265468946159,-0.07086374358409998,0,0,10
2026-06-05,0.17687965845816275,-0.0002512033999999996,0.007023770260133334,-0.007274973660133333,0,0,10
2026-06-08,-0.06907537312464894,-0.009331756599999998,0.01988106842656667,-0.029212825026566667,0,0,10
2026-06-09,0.10297202818578294,0.04157579982,0.025550028836166666,0.016025770983833336,1,1,10
2026-06-10,0.28546758439600106,0.07351700060000001,0.020251447280966665,0.05326555331903334,1,1,10
2026-06-11,0.3171794077198903,0.1002390128,0.014851575085233335,0.08538743771476666,1,1,10
2026-06-12,0.4307455484495491,0.214464868,-0.0062903804001,0.2207552484001,1,1,10
2026-06-15,0.5287756530628118,0.1345780832,0.013122346515866667,0.12145573668413334,1,1,10
2026-06-16,0.25195313541689585,0.06816163500000001,-0.0020813510821,0.07024298608210001,1,1,10
2026-06-17,0.2625790342466439,0.0697524642,-0.0090877014072,0.0788401656072,1,1,10
2026-06-18,0.026862538603233104,0.0245641404,0.0041086052340666675,0.020455535165933333,1,1,10
2026-06-22,-0.13528683652040577,0.014480575999999998,-0.04018526262686667,0.054665838626866664,1,1,10
2026-06-23,0.035213724596939965,0.08702038279999999,-0.0106705202667,0.09769090306669999,1,1,10
2026-06-24,0.0974931265872502,-0.0051410259199999985,-0.0025039565528799995,-0.002637069367119999,0,0,10
2026-06-25,-0.174323830925137,-0.060644620199999985,-0.006672108438133335,-0.053972511761866654,0,0,10
2026-06-26,-0.13455096492441893,-0.09734924120000002,0.014111886819200004,-0.11146112801920002,0,0,10
2026-06-29,-0.22175990443361374,-0.056625676599999994,0.014323740155852843,-0.07094941675585284,0,0,11
2026-06-30,-0.4463802136787914,-0.140477937,0.006525449211705686,-0.1470033862117057,0,0,11
2026-07-01,-0.31387324821140916,-3.637680000000039e-05,-0.006574401360100335,0.006538024560100334,0,1,11
2026-07-02,-0.2629691153343547,-0.06460932,-0.012301901860301005,-0.052307418139699,0,0,11
2026-07-03,-0.1815611512938179,-0.009880348359999996,-0.011059439395317727,0.0011790910353177315,0,1,11
2026-07-06,-0.2773987361888498,-0.035667444400000005,-0.014771703256822743,-0.020895741143177264,0,0,11
2026-07-07,-0.416601693961879,-0.0951362236,-0.01886650060234114,-0.07626972299765886,0,0,11
2026-07-08,-0.23348439304688212,-0.0473205696,0.0007445560424749161,-0.048065125642474914,0,0,11
2026-07-09,-0.5474036003550978,-0.14574584699999998,-0.008686246660133781,-0.1370596003398662,0,0,11
2026-07-10,-0.4316429428407902,-0.11063361219999998,-0.0053178344179264205,-0.10531577778207356,0,0,11
2026-07-13,-0.49204750772895767,-0.1371796518,-0.008411179623999999,-0.128768472176,0,0,11
2026-07-14,-0.5576506018948258,-0.17250243199999998,-0.0070969918056666675,-0.16540544019433331,0,0,11
2026-07-15,-0.21076002687155804,-0.0400387396,0.0011674983860000003,-0.041206237986,0,0,11
2026-07-16,-0.12365666368931423,-0.039454044,0.013877344306333335,-0.053331388306333334,0,0,11
2026-07-17,-0.06779803768438697,0.032489119600000005,0.027896011465566667,0.004593108134433338,1,1,11
2026-07-20,0.2315055240300887,0.01078650508,0.0017054601890000001,0.009081044891,1,1,11
2026-07-21,-0.2534829603972461,-0.009358703660000002,-0.0069882071556999995,-0.0023704965043000025,0,0,11
2026-07-22,-0.37958886572069334,-0.07853450326,-0.017781120863799994,-0.060753382396200005,0,0,11
2026-07-23,-0.36555529198543624,-0.047319166,-0.010556854931500001,-0.0367623110685,0,0,11
2026-07-24,-0.31429680013823663,-0.0002044714400000009,0.012932917811835332,-0.013137389251835333,0,0,11
